Workbook

Sheet Feature Backlog
A1: ID | B1: Phase | C1: Feature Area | D1: Feature | E1: User Story | F1: Acceptance Criteria | G1: Priority | H1: Effort (Days) | I1: Dependencies | J1: Revenue Impact | K1: Status
A2: GC-001 | B2: P0 — MVP (Oct 2026) | C2: Infrastructure | D2: Project scaffolding | E2: As a developer, I want a Next.js 14 project with Supabase, Tailwind, and shadcn/ui configured so I can start building features | F2: Next.js App Router, TypeScript, Tailwind, shadcn/ui, Supabase client, Vercel deployment pipeline, environment variables configured | G2: Critical | H2: 2 | I2: None | J2: None | K2: To Do
A3: GC-002 | B3: P0 — MVP (Oct 2026) | C3: Infrastructure | D3: Design token system | E3: As a developer, I want a CSS custom property system for colours, spacing, typography, and shadows so every component uses consistent tokens | F3: All tokens from the brief implemented as CSS variables. Semantic colour tokens. 8px spacing rhythm. Fraunces + DM Sans loaded via next/font. Dark mode tokens defined but not active in v1 | G3: Critical | H3: 1 | I3: GC-001 | J3: None | K3: To Do
A4: GC-003 | B4: P0 — MVP (Oct 2026) | C4: Infrastructure | D4: Supabase schema and RLS | E4: As a developer, I want all database tables, relationships, and Row Level Security policies created so the app has a secure data layer | F4: All 8 tables (User, Group, GroupMember, Exclusion, Draw, WishlistItem, AnonMessage, BabyPhoto) created with RLS policies. Anonymous auth enabled. Storage bucket for photos with group-scoped access | G4: Critical | H4: 2 | I4: GC-001 | J4: None | K4: To Do
A5: GC-004 | B5: P0 — MVP (Oct 2026) | C5: Infrastructure | D5: Anonymous auth flow | E5: As a user, I want to create or join a group without creating an account so there is zero friction | F5: Supabase anonymous auth on group creation and join. Session cookie persists across tabs. Optional email upgrade shown post-draw. Magic link login for returning users. No forced registration anywhere | G5: Critical | H5: 2 | I5: GC-003 | J5: None | K5: To Do
A6: GC-005 | B6: P0 — MVP (Oct 2026) | C6: Landing Page | D6: Homepage hero and features | E6: As a visitor, I want to understand what GiftCircle does and create a draw within 10 seconds so I don't bounce | F6: Hero with headline, subheadline, and CTA from the brief. 6 feature blocks. Trust line below CTA. Subtle festive CSS animation (snowfall or twinkle). Mobile-first responsive. Page load under 2s. No generic AI aesthetics — distinctive typography and warm colour palette | G6: Critical | H6: 3 | I6: GC-002 | J6: High | K6: To Do
A7: GC-006 | B7: P0 — MVP (Oct 2026) | C7: Landing Page | D7: SEO metadata and OG tags | E7: As a marketer, I want proper page titles, descriptions, and Open Graph images so the site ranks and shares well | F7: Title: 'GiftCircle — Free Secret Santa Generator with Wishlists and Gift Ideas'. OG image designed for WhatsApp/social preview. Structured data (Organization, WebApplication). Sitemap generated | G7: High | H7: 1 | I7: GC-005 | J7: High | K7: To Do
A8: GC-007 | B8: P0 — MVP (Oct 2026) | C8: Group Creation | D8: Create group wizard | E8: As an organiser, I want to create a Secret Santa group in under 60 seconds so it feels effortless | F8: Single-page wizard: group name, mode selector (4 cards), budget pills (£5–£25 + custom), exchange date (optional), location (optional), organiser name. CTA: 'Create your draw'. All fields have visible labels. Mobile single-column layout. Sticky CTA button. Progressive disclosure for optional fields | G8: Critical | H8: 3 | I8: GC-004 | J8: None | K8: To Do
A9: GC-008 | B9: P0 — MVP (Oct 2026) | C9: Group Creation | D9: Invite link and share screen | E9: As an organiser, I want to share my group via WhatsApp, copy link, or QR code so everyone can join instantly | F9: Unique invite code generated (URL-safe, short). Share screen with: copy link button, WhatsApp share (pre-filled message), QR code. Live member counter updates as people join. Link format: giftcircle.app/join/[code] | G9: Critical | H9: 2 | I9: GC-007 | J9: None | K9: To Do
A10: GC-009 | B10: P0 — MVP (Oct 2026) | C10: Join Flow | D10: Join via invite link | E10: As a participant, I want to join a group by tapping a WhatsApp link and entering my name so I don't need to download anything | F10: Join page shows: group name, mode, budget, date, member count, organiser name. Single form field: 'Your name'. CTA: 'Join this Secret Santa'. No account required. After joining: prompted (not forced) to add likes/dislikes and wishlist items. Mobile-optimised with appropriate keyboard type | G10: Critical | H10: 2 | I10: GC-008 | J10: None | K10: To Do
A11: GC-010 | B11: P0 — MVP (Oct 2026) | C11: Dashboard | D11: Group dashboard with tab navigation | E11: As a group member, I want a clean tabbed interface so I can navigate between Draw, Wishlists, Messages, and Games | F11: Bottom tab bar on mobile (4 tabs max). Lucide icons, no emoji. Top bar: group name, member count, settings gear. Tab transitions are smooth. Notification badges on Messages (unread dot) and Wishlists (new items). Safe area compliance for notch and gesture bar | G11: Critical | H11: 3 | I11: GC-009 | J11: None | K11: To Do
A12: GC-011 | B12: P0 — MVP (Oct 2026) | C12: Dashboard | D12: Organiser status dashboard | E12: As an organiser, I want to see who has joined, who has added wishlists, and whether the draw is ready so I can manage the group | F12: Progress checklist with completion percentage. Member list with status indicators (joined ✓, wishlist ✓). Exclusion rules editor. 'Draw Names' button (disabled until 3+ members). Redraw warning modal | G12: High | H12: 2 | I12: GC-010 | J12: None | K12: To Do
A13: GC-012 | B13: P0 — MVP (Oct 2026) | C13: Draw System | D13: Draw algorithm with exclusions | E13: As an organiser, I want names drawn fairly with exclusion rules so couples and siblings don't draw each other | F13: Derangement algorithm: nobody gets themselves, all exclusions respected, every person gives and receives exactly one gift. If no valid draw possible, clear error message explaining why. Draw results stored per-user. Organiser cannot see individual matches. Draw locks after completion — redraw requires confirmation | G13: Critical | H13: 3 | I13: GC-011 | J13: None | K13: To Do
... A49: GC-048 | B49: P3 — Year-Round (2027+) | C49: Integrations | D49: Slack integration | E49: As a workplace organiser, I want to run Secret Santa inside Slack so the team doesn't need a separate app | F49: Slack bot: create group, join, receive draw results, send anonymous messages. Slash commands. App directory listing | G49: Low | H49: 6 | I49: GC-045 | J49: Medium | K49: To Do

Sheet Summary
A1: Phase | B1: Features | C1: Total Effort (Days) | D1: Key Deadline
A2: P0 — MVP | B2: 20 | C2: =SUMPRODUCT(('Feature Backlog'!B2:B100="P0 — MVP (Oct 2026)")*'Feature Backlog'!H2:H100) -> 52 | D2: 1 Oct 2026
A3: P1 — Launch Polish | B3: 10 | C3: =SUMPRODUCT(('Feature Backlog'!B2:B100="P1 — Launch Polish (Nov 2026)")*'Feature Backlog'!H2:H100) -> 18 | D3: 1 Nov 2026
A4: P2 — Post-Launch | B4: 10 | C4: =SUMPRODUCT(('Feature Backlog'!B2:B100="P2 — Post-Launch (Jan 2027)")*'Feature Backlog'!H2:H100) -> 27 | D4: Jan 2027
A5: P3 — Year-Round | B5: 8 | C5: =SUMPRODUCT(('Feature Backlog'!B2:B100="P3 — Year-Round (2027+)")*'Feature Backlog'!H2:H100) -> 48 | D5: 2027+
A6: TOTAL | B6: =SUM(B2:B5) -> 48 | C6: =SUM(C2:C5) -> 145

Sheet By Feature Area
A1: Feature Area | B1: Total Effort (Days)
A2: Infrastructure | B2: =SUMPRODUCT(('Feature Backlog'!C2:C100="Infrastructure")*'Feature Backlog'!H2:H100) -> 13
A3: Landing Page | B3: =SUMPRODUCT(('Feature Backlog'!C2:C100="Landing Page")*'Feature Backlog'!H2:H100) -> 6
A4: Group Creation | B4: =SUMPRODUCT(('Feature Backlog'!C2:C100="Group Creation")*'Feature Backlog'!H2:H100) -> 5
A5: Join Flow | B5: =SUMPRODUCT(('Feature Backlog'!C2:C100="Join Flow")*'Feature Backlog'!H2:H100) -> 2
A6: Dashboard | B6: =SUMPRODUCT(('Feature Backlog'!C2:C100="Dashboard")*'Feature Backlog'!H2:H100) -> 5
A7: Draw System | B7: =SUMPRODUCT(('Feature Backlog'!C2:C100="Draw System")*'Feature Backlog'!H2:H100) -> 10
A8: Wishlists | B8: =SUMPRODUCT(('Feature Backlog'!C2:C100="Wishlists")*'Feature Backlog'!H2:H100) -> 5
A9: Messaging | B9: =SUMPRODUCT(('Feature Backlog'!C2:C100="Messaging")*'Feature Backlog'!H2:H100) -> 4
A10: Gift Ideas | B10: =SUMPRODUCT(('Feature Backlog'!C2:C100="Gift Ideas")*'Feature Backlog'!H2:H100) -> 11
A11: Games | B11: =SUMPRODUCT(('Feature Backlog'!C2:C100="Games")*'Feature Backlog'!H2:H100) -> 15
A12: Notifications | B12: =SUMPRODUCT(('Feature Backlog'!C2:C100="Notifications")*'Feature Backlog'!H2:H100) -> 7
A13: Accessibility | B13: =SUMPRODUCT(('Feature Backlog'!C2:C100="Accessibility")*'Feature Backlog'!H2:H100) -> 3
A14: Performance | B14: =SUMPRODUCT(('Feature Backlog'!C2:C100="Performance")*'Feature Backlog'!H2:H100) -> 2
A15: SEO | B15: =SUMPRODUCT(('Feature Backlog'!C2:C100="SEO")*'Feature Backlog'!H2:H100) -> 2
A16: Analytics | B16: =SUMPRODUCT(('Feature Backlog'!C2:C100="Analytics")*'Feature Backlog'!H2:H100) -> 2
A17: Retention | B17: =SUMPRODUCT(('Feature Backlog'!C2:C100="Retention")*'Feature Backlog'!H2:H100) -> 2
A18: Multi-Occasion | B18: =SUMPRODUCT(('Feature Backlog'!C2:C100="Multi-Occasion")*'Feature Backlog'!H2:H100) -> 11
A19: Premium | B19: =SUMPRODUCT(('Feature Backlog'!C2:C100="Premium")*'Feature Backlog'!H2:H100) -> 13
A20: Mobile | B20: =SUMPRODUCT(('Feature Backlog'!C2:C100="Mobile")*'Feature Backlog'!H2:H100) -> 18
A21: Integrations | B21: =SUMPRODUCT(('Feature Backlog'!C2:C100="Integrations")*'Feature Backlog'!H2:H100) -> 6
